index,open,high,low,close,adjusted_close,volume,dividend_amount,Company_Ticker,Company_Name,month,year
2,118.9400,129.3400,117.1100,120.1700,120.1700,33128020,0.1940,A,Agilent Technologies,1,2021
13,26.9300,30.7800,18.7700,19.0500,19.0500,263006294,0.1000,AAL,American Airlines Group,2,2020
0,162.1300,187.3300,161.1900,185.6500,185.6500,18346378,0.2500,AAP,Advance Auto Parts,3,2021
1,133.7500,137.8770,118.3900,121.2600,121.2600,1825486961,0.2050,AAPL,Apple Inc.,2,2021
2,107.1800,113.4100,101.8117,102.4800,102.4800,147712852,1.3000,ABBV,AbbVie Inc.,1,2021
1,104.8600,112.8800,100.7100,101.2200,101.2200,21365578,0.4400,ABC,AmerisourceBergen,2,2021
2,109.5300,124.7200,107.2551,123.5900,123.5900,108927983,0.4500,ABT,Abbott Laboratories,1,2021
2,261.0000,266.5300,241.7300,241.9200,241.9200,37983334,0.8800,ACN,Accenture,1,2021
192,62.0600,68.9500,61.5100,67.1700,33.5850,61531700,0.0125,ADBE,Adobe Inc.,3,2005
1,148.3400,164.4000,147.0000,155.8200,155.8200,55210475,0.6900,ADI,"Analog Devices, Inc.",2,2021
1,50.4800,58.6800,50.1800,56.5800,56.5800,47956333,0.3700,ADM,Archer-Daniels-Midland Co,2,2021
0,175.7700,190.5000,169.9250,187.0000,187.0000,46096370,0.9300,ADP,Automatic Data Processing,3,2021
192,29.9300,30.5000,28.0600,29.7600,29.7600,49296400,0.0150,ADSK,Autodesk Inc.,3,2005
0,70.9400,82.4400,70.4250,81.5900,81.5900,33998094,0.5500,AEE,Ameren Corp,3,2021
1,81.1000,83.0300,74.8000,74.8500,74.8500,52125159,0.7400,AEP,American Electric Power,2,2021
2,23.7100,28.6750,22.8200,24.3900,24.3900,141529657,0.1505,AES,AES Corp,1,2021
1,45.3900,50.1500,44.8550,47.8900,47.8900,76994591,0.3300,AFL,Aflac,2,2021
0,44.9000,49.0000,44.5400,46.5000,46.5000,93671224,0.3200,AIG,American International Group,3,2021
1,135.8300,136.2950,121.5500,123.2200,123.2200,12980041,0.6600,AIZ,Assurant,2,2021
0,120.2100,129.0000,119.9200,124.9600,124.9600,20080619,0.4800,AJG,Arthur J. Gallagher & Co.,3,2021
0,160.0500,162.0000,133.8227,148.9300,148.9300,25800125,0.3900,ALB,Albemarle Corporation,3,2021
13,65.1300,66.9550,49.4450,50.4600,50.4600,27359409,0.3750,ALK,Alaska Air Group,2,2020
0,107.6500,117.8000,107.4900,114.7100,114.7100,50681743,0.8100,ALL,Allstate Corp,3,2021
0,109.7500,123.6800,107.7500,123.4800,123.4800,16699147,0.3600,ALLE,Allegion,3,2021
1,99.2460,124.5000,97.6800,118.1900,118.1900,165879875,0.2200,AMAT,Applied Materials Inc.,2,2021
1,11.0200,11.5800,10.6600,10.9400,10.9400,121637532,0.1175,AMCR,Amcor,2,2021
0,119.5300,125.7800,118.4100,123.0500,123.0500,20520347,0.2000,AME,Ametek,3,2021
1,244.3000,245.4800,223.6150,224.9200,224.9200,46657426,1.7600,AMGN,Amgen Inc.,2,2021
1,199.8200,233.9100,196.7700,221.2400,221.2400,12093453,1.0400,AMP,Ameriprise Financial,2,2021
3,232.0000,236.3900,215.4100,224.4600,224.4600,52989829,1.2100,AMT,American Tower Corp.,12,2020
0,307.6600,367.9100,306.3600,366.8700,366.8700,28788548,1.1300,ANTM,Anthem,3,2021
2,211.0400,214.1250,200.6500,203.1000,203.1000,29556860,0.4600,AON,Aon plc,1,2021
2,54.7000,60.4500,52.0800,54.3000,54.3000,27959661,0.2600,AOS,A.O. Smith Corp,1,2021
2,14.6500,19.3200,14.0300,14.2800,14.2800,182406293,0.0250,APA,Apache Corporation,1,2021
3,285.0000,286.0000,260.6050,273.2200,273.2200,25389023,1.3400,APD,Air Products & Chemicals,12,2020
0,127.3800,130.9900,58.5800,64.5000,64.5000,48129125,0.2900,APH,Amphenol Corp,3,2021
13,85.5700,92.5000,73.8000,78.1100,78.1100,29901488,0.2200,APTV,Aptiv PLC,2,2020
3,165.0800,179.7900,164.9200,178.2200,178.2200,16504981,1.0900,ARE,Alexandria Real Estate Equities,12,2020
1,89.0600,94.3000,84.5900,84.6100,84.6100,20435056,0.6250,ATO,Atmos Energy,2,2021
11,58.0000,68.3200,57.0550,63.7300,63.7300,175485649,0.4100,ATVI,Activision Blizzard,4,2020
3,169.2800,174.1900,155.0000,160.4300,160.4300,20711916,1.5900,AVB,AvalonBay Communities,12,2020
0,479.7000,490.8599,419.2600,461.7000,461.7000,61085185,3.6000,AVGO,Broadcom Inc.,3,2021
0,176.7000,186.7700,168.4700,181.5900,181.5900,10849672,0.6200,AVY,Avery Dennison Corp,3,2021
1,160.6300,166.0800,141.7800,141.8800,141.8800,16225620,0.5500,AWK,American Water Works,2,2021
2,121.3000,129.5400,112.0985,116.2600,116.2600,88363398,0.4300,AXP,American Express,1,2021
13,318.7500,349.9500,269.6000,275.1100,275.1100,118160866,2.0550,BA,Boeing Company,2,2020
0,35.5200,39.9678,35.2400,37.6600,37.6600,1160118127,0.1800,BAC,Bank of America Corp,3,2021
1,77.4700,80.4900,75.8425,77.6900,77.6900,57272100,0.2450,BAX,Baxter International Inc.,2,2021
0,100.5000,121.3800,95.9300,116.1800,116.1800,65530816,0.7000,BBY,Best Buy Co. Inc.,3,2021
0,242.7100,249.6400,236.0300,241.7300,241.7300,24703608,0.8300,BDX,Becton Dickinson,3,2021
3,22.5000,25.3400,22.2600,24.9900,24.9900,76859963,0.2800,BEN,Franklin Resources,12,2020
0,72.0500,73.6900,67.7400,69.0700,69.0700,16212166,0.1795,BF-B,Brown-Forman Corp.,3,2021
2,42.5000,46.8362,39.4550,39.8300,39.8300,117488055,0.3100,BK,The Bank of New York Mellon,1,2021
1,20.3700,25.6400,19.9500,24.4800,24.4800,110235670,0.1800,BKR,Baker Hughes Co,2,2021
0,706.8200,740.6500,670.2800,727.5000,727.5000,12873171,4.1300,BLK,BlackRock,3,2021
1,88.7000,91.6600,85.2500,85.3900,85.3900,32113685,0.1500,BLL,Ball Corp,2,2021
3,63.1500,63.7400,59.9200,62.0300,62.0300,213133846,0.4900,BMY,Bristol-Myers Squibb,12,2020
0,143.4500,150.1600,137.9100,148.2400,148.2400,9496241,0.5750,BR,Broadridge Financial Solutions,3,2021
1,42.2100,46.3200,41.0200,45.0000,45.0000,51228618,0.1700,BWA,BorgWarner,2,2021
3,99.9800,105.9800,91.4700,94.5300,94.5300,25189224,0.9800,BXP,Boston Properties,12,2020
2,61.5900,69.4250,57.6900,57.9900,57.9900,455864793,0.5100,C,Citigroup Inc.,1,2021
2,36.4000,36.6000,32.5500,34.6000,34.6000,94959940,0.2750,CAG,Conagra Brands,1,2021
3,55.4000,56.9900,52.6400,53.5600,53.5600,39226522,0.4859,CAH,Cardinal Health Inc.,12,2020
3,38.6400,39.4300,36.5200,37.7200,37.7200,91872771,0.1200,CARR,Carrier Global,12,2020
2,183.0000,200.1743,179.3401,182.8400,182.8400,64757616,1.0300,CAT,Caterpillar Inc.,1,2021
0,164.0600,179.0100,155.0800,158.9100,158.9100,46132131,0.7800,CB,Chubb Limited,3,2021
1,92.1600,102.2581,87.0000,98.9600,98.9600,18580894,0.4200,CBOE,Cboe Global Markets,2,2021
0,156.3400,170.1600,146.1450,167.4900,167.4900,47781487,1.3300,CCI,Crown Castle,3,2021
13,43.7500,45.0400,30.1900,33.4600,33.4600,200694180,0.5000,CCL,Carnival Corp.,2,2020
1,133.4700,162.7300,132.7100,156.8900,156.8900,16188489,0.4000,CDW,CDW,2,2021
1,123.6400,142.6999,120.9300,138.9100,138.9100,16221563,0.6800,CE,Celanese,2,2021
3,75.0600,79.2400,72.1500,78.4800,78.4800,35481140,0.2200,CERN,Cerner,12,2020
1,41.8900,48.8750,41.8800,45.2800,45.2800,36214953,0.3000,CF,CF Industries Holdings Inc,2,2021
1,36.8100,46.9700,36.3100,43.4400,43.4400,80006256,0.3900,CFG,Citizens Financial Group,2,2021
1,84.3200,85.4100,78.6900,78.7500,78.7500,25667164,0.2525,CHD,Church & Dwight,2,2021
0,91.4700,97.3700,91.3500,96.2800,96.2800,18998964,0.5100,CHRW,C. H. Robinson Worldwide,3,2021
0,212.3700,248.3900,211.0350,241.3900,241.3900,39337428,1.0000,CI,Cigna,3,2021
0,98.9800,108.9900,98.2802,106.0800,106.0800,17354020,0.6300,CINF,Cincinnati Financial,3,2021
2,84.7800,85.5550,77.8400,78.0000,78.0000,105458687,0.4400,CL,Colgate-Palmolive,1,2021
2,201.9000,231.1099,191.8300,209.4600,209.4600,36296212,1.1100,CLX,The Clorox Company,1,2021
0,69.8400,73.6200,65.6600,69.9700,69.9700,32921393,0.6800,CMA,Comerica Inc.,3,2021
2,52.2800,52.4000,48.1500,49.5700,49.5700,398321558,0.2300,CMCSA,Comcast Corp.,1,2021
0,202.0600,216.7500,197.3900,205.2500,205.2500,37361411,0.9000,CME,CME Group Inc.,3,2021
1,236.7800,260.2600,228.2100,253.2000,253.2000,20097454,1.3500,CMI,Cummins Inc.,2,2021
1,57.1100,58.4800,53.7000,54.1100,54.1100,34823045,0.4350,CMS,CMS Energy,2,2021
1,21.2900,22.1000,19.3100,19.4400,19.4400,89974461,0.1600,CNP,CenterPoint Energy,2,2021
1,105.1300,125.7500,102.5700,120.1900,120.1900,68543206,0.4000,COF,Capital One Financial,2,2021
2,16.4900,19.5100,16.3000,18.3300,18.3300,104539563,0.1000,COG,Cabot Oil & Gas,1,2021
2,365.0000,389.4350,353.0150,364.0400,364.0400,5436859,0.0300,COO,The Cooper Companies,1,2021
1,40.4300,55.5100,39.7000,52.0100,52.0100,196757576,0.4300,COP,ConocoPhillips,2,2021
1,351.2100,361.6739,330.9400,331.0000,331.0000,46428394,0.7000,COST,Costco Wholesale Corp.,2,2021
2,48.2000,53.7700,44.8526,48.1100,48.1100,60351723,0.3700,CPB,Campbell Soup,1,2021
2,44.3100,46.4600,43.3500,44.5800,44.5800,400891628,0.3600,CSCO,Cisco Systems,1,2021
1,86.1750,93.9100,86.0100,91.5500,91.5500,72060592,0.2800,CSX,CSX Corp.,2,2021
1,320.6200,353.7700,320.0000,324.3400,324.3400,7841352,0.7500,CTAS,Cintas Corporation,2,2021
1,78.5600,80.8350,71.5600,73.4800,73.4800,65286477,0.2400,CTSH,Cognizant Technology Solutions,2,2021
1,40.1400,47.1500,39.8600,45.1500,45.1500,62940796,0.1300,CTVA,Corteva,2,2021
0,134.7700,140.3400,128.6500,135.0900,135.0900,21900281,0.3700,CTXS,Citrix Systems,3,2021
2,68.6800,77.2302,68.1300,71.6500,71.6500,130332536,0.5000,CVS,CVS Health,1,2021
1,85.9900,104.9600,84.5700,100.0000,100.0000,202359891,1.2900,CVX,Chevron Corp.,2,2021
0,69.4100,76.1700,67.8500,75.2200,75.2200,92032985,0.6300,D,Dominion Energy,3,2021
13,56.2000,60.0300,45.0300,46.1300,46.1300,165180185,0.4025,DAL,Delta Air Lines Inc.,2,2020
1,74.2300,77.4800,67.1500,70.3200,70.3200,289618697,0.3000,DD,DuPont de Nemours Inc,2,2021
3,263.2200,273.5600,250.5425,269.0500,269.0500,32491854,0.7600,DE,Deere & Co.,12,2020
1,84.3800,98.7500,81.2700,94.0700,94.0700,48985067,0.4400,DFS,Discover Financial Services,2,2021
2,210.2500,219.5800,194.3700,194.6100,194.6100,44506504,0.3600,DG,Dollar General,1,2021
2,120.0000,132.1000,118.6062,129.1500,129.1500,27886590,0.5600,DGX,Quest Diagnostics,1,2021
1,77.4500,84.4100,74.1200,76.8700,76.8700,56097047,0.2000,DHI,D. R. Horton,2,2021
3,226.0100,228.0000,219.6700,222.1400,222.1400,48238691,0.1800,DHR,Danaher Corp.,12,2020
15,152.9400,152.9700,143.2600,144.6300,144.6300,169663239,0.8800,DIS,The Walt Disney Company,12,2019
79,85.0000,85.2400,40.6500,43.7200,43.7200,52058000,39.0044,DISCA,"Discovery, Inc. (Series A)",8,2014
79,83.0100,83.9899,38.2500,42.9700,42.9700,38017300,39.7800,DISCK,"Discovery, Inc. (Series C)",8,2014
99,35.9100,37.9200,34.6700,36.4000,36.4000,83925800,1.0000,DISH,Dish Network,12,2012
0,135.5900,141.0900,124.6500,138.3600,138.3600,38038006,1.1600,DLR,Digital Realty Trust Inc,3,2021
1,117.4800,125.7600,115.8800,123.2600,123.2600,13280447,0.4950,DOV,Dover Corporation,2,2021
1,52.3900,63.9800,51.3300,59.3100,59.3100,74443733,0.7000,DOW,Dow Inc.,2,2021
0,349.5600,374.9400,319.7100,367.6000,367.6000,15828486,0.9400,DPZ,"Domino's Pizza",3,2021
1,39.8000,42.4500,39.2000,39.2500,39.2500,29072095,0.2550,DRE,Duke Realty Corp,2,2021
2,119.8800,128.4400,110.8900,116.8900,116.8900,30762566,0.3700,DRI,Darden Restaurants,1,2021
0,118.4300,133.5400,115.6800,132.7000,132.7000,18151374,1.0850,DTE,DTE Energy Co.,3,2021
1,94.0500,95.4500,85.5600,85.5900,85.5900,54666884,0.9650,DUK,Duke Energy,2,2021
0,22.0500,26.1300,21.1900,22.3500,22.3500,268313646,0.3000,DVN,Devon Energy,3,2021
12,24.3700,24.4300,7.9000,13.0500,13.0500,164424609,0.2100,DXC,DXC Technology,3,2020
0,134.8400,138.2800,127.1700,130.0300,130.0300,48656601,0.1700,EA,Electronic Arts,3,2021
1,56.8250,64.8500,56.2500,56.4200,56.4200,154082963,0.1800,EBAY,eBay Inc.,2,2021
0,210.8000,218.6988,201.1470,208.8100,208.8100,21983898,0.4800,ECL,Ecolab Inc.,3,2021
1,70.7800,72.4200,65.5600,65.6500,65.6500,46313164,0.7750,ED,Consolidated Edison,2,2021
1,178.2800,184.5487,161.8700,161.8800,161.8800,19089308,0.3900,EFX,Equifax Inc.,2,2021
3,61.8800,63.8300,60.4500,62.8200,62.8200,32232679,0.6625,EIX,"Edison Int'l",12,2020
1,238.8300,298.3100,237.7300,285.8600,285.8600,29244236,0.5300,EL,Est√©e Lauder Companies,2,2021
0,111.0900,119.0100,106.1050,111.5900,111.5900,20294794,0.6900,EMN,Eastman Chemical,3,2021
1,80.3000,89.1000,79.2800,85.9000,85.9000,52019680,0.5050,EMR,Emerson Electric Company,2,2021
2,50.7600,63.0300,48.6000,50.9600,50.9600,100962944,0.3750,EOG,EOG Resources,1,2021
1,737.9600,770.3500,624.0300,648.3400,648.3400,12534011,2.8700,EQIX,Equinix,2,2021
3,58.9700,63.5600,56.0800,59.2800,59.2800,56143282,0.6025,EQR,Equity Residential,12,2020
0,80.0400,87.1700,76.6400,86.0300,86.0300,31173714,0.6025,ES,Eversource Energy,3,2021
3,250.3300,255.6400,230.0000,237.4200,237.4200,9615954,2.0775,ESS,"Essex Property Trust, Inc.",12,2020
0,132.0100,141.3703,131.3000,135.8200,135.8200,55611519,0.7600,ETN,Eaton Corporation,3,2021
1,95.3100,97.7950,86.8000,86.8100,86.8100,26151528,0.9500,ETR,Entergy Corp.,2,2021
0,54.1700,60.2300,52.8700,59.8300,59.8300,37997658,0.5350,EVRG,Evergy,3,2021
0,39.0400,43.5800,38.8500,43.3700,43.3700,116812458,0.3825,EXC,Exelon Corp.,3,2021
4,89.6900,93.0000,85.0100,89.3700,89.3700,26633479,0.5200,EXPD,Expeditors,11,2020
12,97.7200,98.9800,40.7600,56.2700,56.2700,126595353,0.3400,EXPE,Expedia Group,3,2020
0,126.8200,134.5200,120.9100,131.0000,131.0000,17376785,1.0000,EXR,Extra Space Storage,3,2021
14,9.2900,9.4200,8.7300,8.8200,8.8200,1088564745,0.1500,F,Ford Motor Company,1,2020
0,70.9600,88.7500,69.5300,73.8000,73.8000,71183311,0.4000,FANG,Diamondback Energy,3,2021
1,46.2200,47.9900,45.7200,46.3700,46.3700,52779602,0.2800,FAST,Fastenal Co,2,2021
1,88.0400,92.5150,83.0100,83.1400,83.1400,17585987,0.2600,FBHS,Fortune Brands Home & Security,2,2021
14,13.3500,13.6350,10.8300,11.1000,11.1000,556308250,0.0500,FCX,Freeport-McMoRan Inc.,1,2020
0,258.7100,282.9300,245.5500,274.1800,274.1800,56054198,0.6500,FDX,FedEx Corporation,3,2021
1,30.7100,35.3900,30.2200,33.1400,33.1400,103663614,0.3900,FE,FirstEnergy Corp,2,2021
0,139.8800,147.9200,135.5900,142.8200,142.8200,65376652,0.3900,FIS,Fidelity National Information Services,3,2021
3,25.9000,28.1100,25.7900,27.5700,27.5700,100302749,0.2700,FITB,Fifth Third Bancorp,12,2020
0,53.9800,55.8400,52.3900,55.4700,55.4700,34035995,0.1700,FLIR,FLIR Systems,3,2021
3,34.7200,39.2400,33.2950,36.8500,36.8500,17784277,0.2000,FLS,Flowserve Corporation,12,2020
3,117.4800,122.2900,111.4800,114.9300,114.9300,11836081,0.4800,FMC,FMC Corporation,12,2020
0,32.1800,42.1400,32.1000,38.4200,38.4200,30780280,0.2300,FOX,Fox Corporation (Class B),3,2021
0,34.0600,44.8000,33.5350,40.3000,40.3000,105099196,0.2300,FOXA,Fox Corporation (Class A),3,2021
2,147.2500,166.8200,143.6000,144.9900,144.9900,21212992,0.2000,FRC,First Republic Bank,1,2021
0,103.1900,110.6600,97.8700,102.5900,102.5900,14048365,1.0600,FRT,Federal Realty Investment Trust,3,2021
1,66.4800,71.8900,65.6000,65.8200,65.8200,50727396,0.0700,FTV,Fortive Corp,2,2021
2,149.2600,158.9900,144.5000,146.6800,146.6800,31551638,1.1000,GD,General Dynamics,1,2021
0,12.9200,14.4150,11.9500,12.8500,12.8500,2114463928,0.0100,GE,General Electric,3,2021
0,61.7600,66.6600,61.4900,63.9900,63.9900,170472944,0.7100,GILD,Gilead Sciences,3,2021
2,58.5800,61.4600,53.9600,58.1000,58.1000,111379125,0.5100,GIS,General Mills,1,2021
2,95.3600,98.8200,89.8400,90.3900,90.3900,7984095,0.1875,GL,Globe Life Inc.,1,2021
1,36.1600,39.1600,35.6000,38.2400,38.2400,84307123,0.2400,GLW,Corning Inc.,2,2021
12,30.5200,32.3000,14.3250,20.7800,20.7800,492383072,0.3800,GM,General Motors,3,2020
83,1120.2700,1144.8000,511.0000,534.8800,534.8800,68887600,567.9717,GOOGL,Alphabet Inc. (Class A),4,2014
0,106.3900,118.8385,105.8530,117.0300,117.0300,18151161,0.8150,GPC,Genuine Parts,3,2021
0,201.1800,216.4900,192.6600,205.0700,205.0700,34217984,0.1950,GPN,Global Payments Inc.,3,2021
14,17.7000,18.9199,17.0200,17.4100,17.4100,115390988,0.2425,GPS,Gap Inc.,1,2020
0,125.1900,129.4800,117.7407,127.5500,127.5500,13890462,0.6100,GRMN,Garmin Ltd.,3,2021
0,325.0000,356.8500,316.4650,330.5500,330.5500,56709712,1.2500,GS,Goldman Sachs Group,3,2021
1,367.1900,389.1900,356.2300,372.7100,372.7100,6133685,1.5300,GWW,Grainger (W.W.) Inc.,2,2021
0,22.3300,24.7400,20.0300,21.2000,21.2000,229017503,0.0450,HAL,Halliburton Co.,3,2021
1,93.7500,99.6800,89.1600,93.7100,93.7100,20674153,0.6800,HAS,Hasbro Inc.,2,2021
0,15.7100,16.9100,15.0900,15.8300,15.8300,232375032,0.1500,HBAN,Huntington Bancshares,3,2021
1,15.3700,20.0000,14.8350,17.6900,17.6900,120933188,0.1500,HBI,Hanesbrands Inc,2,2021
0,173.8800,194.0100,173.8800,187.3500,187.3500,32365354,0.4800,HCA,HCA Healthcare,3,2021
0,258.8100,297.8800,246.5900,297.1800,297.1800,103898083,1.6500,HD,Home Depot,3,2021
0,66.3100,76.2400,64.6100,68.9500,68.9500,48949126,0.2500,HES,Hess Corporation,3,2021
1,28.8400,39.4400,27.3900,37.8800,37.8800,43240992,0.3500,HFC,HollyFrontier Corp,2,2021
1,48.3700,53.9484,47.9000,50.6900,50.6900,40958827,0.3500,HIG,Hartford Financial Svc.Gp.,2,2021
1,158.0100,192.5000,156.3600,175.9100,175.9100,8533641,1.1400,HII,Huntington Ingalls Industries,2,2021
13,108.5400,115.4800,92.7000,97.2000,97.2000,53646839,0.1500,HLT,Hilton Worldwide Holdings Inc,2,2020
1,197.5500,212.1400,195.2800,202.3500,202.3500,44766844,0.9300,HON,"Honeywell Int'l Inc.",2,2021
0,14.8300,16.1400,13.4850,15.3400,15.3400,254857745,0.1200,HPE,Hewlett Packard Enterprise,3,2021
0,29.3700,31.1100,27.8541,29.8900,29.8900,262106752,0.1938,HPQ,HP Inc.,3,2021
2,46.6900,50.7900,43.4500,46.8600,46.8600,65247004,0.2450,HRL,Hormel Foods Corp.,1,2021
12,14.5800,15.1100,7.8550,11.0400,11.0400,420114188,0.2000,HST,Host Hotels & Resorts,3,2020
1,145.6500,153.8600,144.6200,145.6500,145.6500,20812611,0.8040,HSY,The Hershey Company,2,2021
3,405.0100,417.5450,381.2400,410.2700,410.2700,18215328,0.6250,HUM,Humana Inc.,12,2020
13,30.1400,34.2700,28.7000,29.3500,29.3500,87346865,0.0200,HWM,Howmet Aerospace,2,2020
1,119.9000,124.3500,118.1200,118.9300,118.9300,106339228,1.6300,IBM,International Business Machines,2,2021
0,111.1200,116.7700,110.0150,112.2800,112.2800,44448837,0.3300,ICE,Intercontinental Exchange,3,2021
2,198.8400,211.7100,185.2300,186.1900,186.1900,7907668,0.5000,IEX,IDEX Corporation,1,2021
2,90.2000,92.3000,83.2600,87.0800,87.0800,65520336,0.2000,INFO,IHS Markit,1,2021
1,55.9500,63.5400,55.7100,60.7800,60.7800,509851966,0.3475,INTC,Intel Corp.,2,2021
2,379.7400,398.1200,357.6900,361.2300,361.2300,26998684,0.5900,INTU,Intuit Inc.,1,2021
1,50.9400,51.4800,46.4800,49.6500,49.6500,62169787,0.5125,IP,International Paper,2,2021
1,24.3200,27.0700,23.9620,26.1200,26.1200,77646177,0.2700,IPG,Interpublic Group,2,2021
99,59.6400,67.0000,58.8000,66.6500,66.6500,7155100,0.6500,IPGP,IPG Photonics Corp.,12,2012
0,35.2000,37.4200,34.1900,36.8600,36.8600,49205450,0.6185,IRM,Iron Mountain Incorporated,3,2021
3,213.4200,214.0950,198.2700,203.8800,203.8800,23754768,1.1400,ITW,Illinois Tool Works,12,2020
1,20.8600,23.5200,20.6100,22.4200,22.4200,66854621,0.1550,IVZ,Invesco Ltd.,2,2021
1,102.3400,120.4400,100.0500,115.0800,115.0800,12917440,0.2100,J,Jacobs Engineering Group,2,2021
1,135.9200,149.9500,133.3600,146.8700,146.8700,11108816,0.2800,JBHT,J. B. Hunt Transport Services,2,2021
0,56.3600,62.4000,55.8300,59.3800,59.3800,97172193,0.2700,JCI,Johnson Controls International,3,2021
0,148.9300,155.6700,146.1014,152.7800,152.7800,10349743,0.4600,JKHY,Jack Henry & Associates,3,2021
1,165.3100,167.9400,157.9700,158.4600,158.4600,145703168,1.0100,JNJ,Johnson & Johnson,2,2021
1,24.4500,25.9750,23.1200,23.2800,23.2800,88544383,0.2000,JNPR,Juniper Networks,2,2021
2,127.5000,142.7500,123.7700,128.6700,128.6700,318531351,0.9000,JPM,JPMorgan Chase & Co.,1,2021
0,57.2000,63.3500,56.7500,62.7300,62.7300,63873112,0.5700,K,Kellogg Co.,3,2021
0,20.4200,21.5800,19.0000,19.8900,19.8900,230811451,0.1850,KEY,KeyCorp,3,2021
0,36.7800,39.7100,36.5600,39.2000,39.2000,138493266,0.4000,KHC,Kraft Heinz Co,3,2021
0,18.7000,19.8100,17.8850,19.0100,19.0100,92519080,0.1700,KIM,Kimco Realty,3,2021
1,286.0200,342.2100,282.4900,311.2300,311.2300,23658267,0.9000,KLAC,KLA Corporation,2,2021
0,129.2200,137.1400,128.0200,135.6700,135.6700,47514626,1.1400,KMB,Kimberly-Clark,3,2021
2,13.7500,16.0150,13.4750,14.0800,14.0800,371557109,0.2625,KMI,Kinder Morgan,1,2021
0,49.4400,52.4900,49.4000,52.0200,52.0200,386852081,0.4200,KO,Coca-Cola Company,3,2021
1,34.5100,34.9400,32.1700,32.2100,32.2100,161042391,0.1800,KR,Kroger Co.,2,2021
0,215.1200,260.2900,197.0300,252.7000,252.7000,29744705,0.5400,KSU,Kansas City Southern,3,2021
1,45.6300,50.8500,45.1650,47.8100,47.8100,16928455,0.0625,L,Loews Corp.,2,2021
13,22.8800,25.2600,20.6100,21.6600,21.6600,206013658,0.3000,LB,L Brands Inc.,2,2020
0,89.6900,98.5500,88.1700,96.2600,96.2600,18304262,0.3400,LDOS,Leidos Holdings,3,2021
0,43.7800,50.0000,43.1150,45.9700,45.9700,23704989,0.4000,LEG,Leggett & Platt,3,2021
2,76.6800,88.9600,71.5200,83.1500,83.1500,56576168,0.2500,LEN,Lennar Corp.,1,2021
204,39.1900,39.4800,37.4000,39.2500,39.2500,11135100,0.0800,LH,Laboratory Corp. of America Holding,3,2004
0,185.4600,199.8700,182.2400,198.6100,198.6100,23858656,1.0200,LHX,L3Harris Technologies,3,2021
0,247.4300,274.1500,241.8800,273.3800,273.3800,36594607,1.0600,LIN,Linde plc,3,2021
1,209.4600,209.8900,195.6400,204.8900,204.8900,62542908,0.8500,LLY,Lilly (Eli) & Co.,2,2021
1,324.8800,350.3000,319.8100,330.2500,330.2500,33814860,2.6000,LMT,Lockheed Martin Corp.,2,2021
2,50.7900,53.8600,44.5900,45.4900,45.4900,31159931,0.4200,LNC,Lincoln National,1,2021
2,51.5300,51.5408,47.2100,48.6500,48.6500,24507961,0.4025,LNT,Alliant Energy,1,2021
2,160.7700,175.1450,157.1300,166.8500,166.8500,81117137,0.6000,LOW,"Lowe's Cos.",1,2021
0,576.5600,600.5000,501.6700,548.0300,548.0300,33419845,1.3000,LRCX,Lam Research,3,2021
0,12.4500,14.6300,12.3420,13.5700,13.5700,266635148,0.2500,LUMN,Lumen Technologies,3,2021
12,46.5400,48.3934,29.1500,35.6100,35.6100,246908771,0.1800,LUV,Southwest Airlines,3,2020
12,58.9000,59.5200,33.3000,42.4700,42.4700,212909876,0.7900,LVS,Las Vegas Sands,3,2020
1,75.1600,85.1300,74.0860,79.7700,79.7700,10815522,0.2350,LW,Lamb Weston Holdings Inc,2,2021
0,105.4500,112.7300,99.5800,104.6500,104.6500,40727695,1.0500,LYB,LyondellBasell,3,2021
2,358.0000,358.1250,312.3800,316.2900,316.2900,94821378,0.4400,MA,Mastercard Inc.,1,2021
2,126.6900,135.4200,122.1500,132.7500,132.7500,13394996,1.0250,MAA,Mid-America Apartments,1,2021
13,141.7000,150.9700,114.4600,124.0000,124.0000,51005599,0.4800,MAR,Marriott International,2,2020
2,53.9800,59.1500,52.5250,54.3100,54.3100,44548186,0.1400,MAS,Masco Corp.,1,2021
1,208.4800,217.3100,206.1400,206.1400,206.1400,57223594,1.2900,MCD,"McDonald's Corp.",2,2021
1,139.7000,166.6700,137.6200,152.6300,152.6300,47499779,0.3900,MCHP,Microchip Technology,2,2021
0,171.1500,193.3600,169.7500,191.4500,191.4500,20582301,0.4200,MCK,McKesson Corp.,3,2021
1,270.1900,284.9900,267.9300,274.8900,274.8900,14306657,0.6200,MCO,"Moody's Corp",2,2021
3,57.7900,59.1150,56.6847,58.4700,58.4700,128131217,0.3150,MDLZ,Mondelez International,12,2020
3,114.5800,117.5110,110.0600,117.1400,117.1400,90025357,0.5800,MDT,Medtronic plc,12,2020
1,48.4600,60.2000,47.6900,57.6000,57.6000,121279538,0.4600,MET,MetLife Inc.,2,2021
0,38.6000,42.0400,34.1400,37.9600,37.9600,179624889,0.0025,MGM,MGM Resorts International,3,2021
3,95.0200,95.7600,91.1600,95.6000,95.6000,21212373,0.6800,MKC,McCormick & Co.,12,2020
1,549.5500,589.2500,527.5300,555.9400,555.9400,4478542,0.6600,MKTX,MarketAxess,2,2021
1,289.5700,348.3299,287.6500,336.8700,336.8700,9010522,0.5700,MLM,Martin Marietta Materials,2,2021
2,116.4300,116.8100,106.9500,109.9100,109.9100,34720210,0.4650,MMC,Marsh & McLennan,1,2021
1,175.9700,182.3800,173.5500,175.0600,175.0600,43154764,1.4800,MMM,3M Company,2,2021
0,44.1500,51.7200,44.0100,50.1900,50.1900,228343719,0.8600,MO,Altria Group Inc,3,2021
0,30.3700,35.2008,28.0500,30.7700,30.7700,119577952,0.0500,MOS,The Mosaic Company,3,2021
1,43.7700,56.9900,42.3200,54.6200,54.6200,119297804,0.5800,MPC,Marathon Petroleum,2,2021
3,322.1900,367.0500,303.6000,366.2300,366.2300,10631123,0.5000,MPWR,Monolithic Power Systems,12,2020
0,73.2100,78.2500,71.7150,76.0700,76.0700,290544367,0.6500,MRK,Merck & Co.,3,2021
1,7.3600,12.3000,7.2000,11.1000,11.1000,546291129,0.0300,MRO,Marathon Oil Corp.,2,2021
2,69.2800,77.7600,66.8450,67.0500,67.0500,259829839,0.3500,MS,Morgan Stanley,1,2021
1,405.6800,445.6000,400.4100,414.5200,414.5200,9651086,0.7800,MSCI,MSCI Inc,2,2021
1,235.0600,246.1300,227.8800,232.3800,232.3800,489396912,0.5600,MSFT,Microsoft Corp.,2,2021
0,176.7300,187.4000,173.7900,184.0900,184.0900,13865729,0.7100,MSI,Motorola Solutions Inc.,3,2021
1,133.4900,164.7200,131.2900,150.9400,150.9400,15612182,1.1000,MTB,M&T Bank,2,2021
7,68.5300,70.9400,67.9700,68.4400,68.4400,74405780,0.4800,MXIM,Maxim Integrated Products,8,2020
0,139.6800,149.5400,135.5700,146.5700,146.5700,20059296,0.4900,NDAQ,"Nasdaq, Inc.",3,2021
1,82.2700,84.9900,72.7100,73.4800,73.4800,152210119,0.3850,NEE,NextEra Energy,2,2021
0,54.9900,63.6300,54.2800,59.8800,59.8800,162816063,0.5500,NEM,Newmont Corporation,3,2021
1,22.1700,23.2300,21.5400,21.6000,21.6000,52687655,0.2200,NI,NiSource Inc.,2,2021
1,135.3700,145.8800,131.5800,134.7800,134.7800,108986149,0.2750,NKE,"Nike, Inc.",2,2021
1,21.2000,22.1600,19.4100,19.5100,19.5100,120815199,0.1250,NLOK,NortonLifeLock,2,2021
0,22.7600,26.7400,22.6600,25.4100,25.4100,99203009,0.0600,NLSN,Nielsen Holdings,3,2021
1,288.4300,306.6500,287.6000,291.6600,291.6600,22538468,1.4500,NOC,Northrop Grumman,2,2021
12,19.0300,20.0150,8.0000,9.8300,9.8300,139968110,0.0500,NOV,NOV Inc.,3,2020
2,37.7300,42.9500,35.7300,41.4100,41.4100,50522411,0.3250,NRG,NRG Energy,1,2021
1,238.2400,264.1100,237.9200,252.0600,252.0600,21248375,0.9900,NSC,Norfolk Southern Corp.,2,2021
2,66.4700,70.6400,63.4000,66.4400,66.4400,39371893,0.4800,NTAP,NetApp,1,2021
0,97.4400,106.6500,96.0000,102.9300,102.9300,23877038,0.7000,NTRS,Northern Trust Corp.,3,2021
3,55.1500,57.5000,51.7800,53.1900,53.1900,37699028,0.4050,NUE,Nucor Corp.,12,2020
0,555.0000,557.0000,462.6600,501.4100,501.4100,162413784,0.1600,NVDA,Nvidia Corporation,3,2021
1,24.3000,26.8900,23.1500,23.1700,23.1700,66712550,0.2300,NWL,Newell Brands,2,2021
0,23.2100,25.6400,22.3900,24.4200,24.4200,13044359,0.1000,NWS,News Corp (Class B),3,2021
0,23.8000,27.6800,23.1400,26.2100,26.2100,87496916,0.1000,NWSA,News Corp (Class A),3,2021
1,59.4500,63.7900,58.8400,60.2600,60.2600,49903612,0.2345,O,Realty Income Corporation,2,2021
0,217.7000,236.1600,211.7701,231.7600,231.7600,14830226,0.2000,ODFL,Old Dominion Freight Line,3,2021
2,39.0000,45.7100,37.3855,39.8300,39.8300,61371096,0.9350,OKE,Oneok,1,2021
0,69.4400,77.9400,69.2750,76.2900,76.2900,37273303,0.7000,OMC,Omnicom Group,3,2021
2,64.6900,64.7000,59.7400,60.4300,60.4300,173088604,0.2400,ORCL,Oracle Corp.,1,2021
1,65.9900,66.7800,62.3100,63.7100,63.7100,54695858,0.2000,OTIS,Otis Worldwide,2,2021
0,27.3700,32.5200,25.3500,26.7000,26.7000,418663194,0.0100,OXY,Occidental Petroleum,3,2021
2,93.2135,93.5200,85.3000,87.3200,87.3200,36090623,0.6200,PAYX,Paychex Inc.,1,2021
2,13.0269,14.7300,12.6600,13.6600,13.6600,109635602,0.1800,PBCT,"People's United Financial",1,2021
1,91.8000,101.4004,90.0500,90.9900,90.9900,34553304,0.3200,PCAR,Paccar,2,2021
1,29.8200,31.3800,29.0400,29.0900,29.0900,68767779,0.3000,PEAK,Healthpeak Properties,2,2021
0,54.2700,59.5700,53.7700,59.4200,59.4200,40792984,0.5100,PEG,Public Service Enterprise Group (PSEG),3,2021
0,130.6100,140.2500,128.3200,139.6300,139.6300,138203058,1.0225,PEP,PepsiCo Inc.,3,2021
2,36.8700,37.8300,35.6200,35.9000,35.9000,689009947,0.3900,PFE,Pfizer Inc.,1,2021
1,49.6600,61.5700,49.1700,56.5800,56.5800,32388356,0.5600,PFG,Principal Financial Group,2,2021
2,139.6600,141.0400,127.4405,128.2100,128.2100,154856147,0.7907,PG,Procter & Gamble,1,2021
2,97.5800,98.9100,86.7100,87.1900,87.1900,53856732,4.6000,PGR,Progressive Corp.,1,2021
1,267.7700,297.8600,263.5900,286.9600,286.9600,20816839,0.8800,PH,Parker-Hannifin,2,2021
0,45.7900,51.0050,42.3100,50.1400,50.1400,58998369,0.1400,PHM,PulteGroup,3,2021
0,133.2500,142.5600,127.0600,133.7900,133.7900,13544552,1.0000,PKG,Packaging Corporation of America,3,2021
2,144.1300,162.7000,140.2700,147.0700,147.0700,17706339,0.0700,PKI,PerkinElmer,1,2021
0,100.1100,105.5800,94.1400,104.4300,104.4300,61706603,0.6300,PLD,Prologis,3,2021
0,84.7300,91.2500,84.3020,88.6900,88.6900,96591088,1.2000,PM,Philip Morris International,3,2021
2,149.6800,162.7400,141.6000,143.5200,143.5200,43181984,1.1500,PNC,PNC Financial Services,1,2021
2,53.0700,59.3000,51.0800,54.4600,54.4600,25194082,0.2000,PNR,Pentair plc,1,2021
2,80.0000,80.7500,74.7339,75.2500,75.2500,17503543,0.8300,PNW,Pinnacle West Capital,1,2021
0,335.0100,351.8800,313.9200,335.2500,335.2500,7078100,0.5800,POOL,Pool Corporation,3,2021
1,135.8600,142.4041,132.1000,134.8200,134.8200,25564682,0.5400,PPG,PPG Industries,2,2021
0,26.5400,29.9950,26.5200,28.7300,28.7300,132007146,0.4150,PPL,PPL Corp.,3,2021
0,45.2000,45.3200,40.0350,42.1000,42.1000,26758110,0.2400,PRGO,Perrigo,3,2021
1,78.8600,91.6050,77.2700,86.7200,86.7200,50780859,1.1500,PRU,Prudential Financial,2,2021
0,236.0000,245.9000,229.1400,241.3000,241.3000,14126405,2.0000,PSA,Public Storage,3,2021
1,68.3400,88.0500,65.3800,83.0500,83.0500,51359311,0.9000,PSX,Phillips 66,2,2021
12,74.8000,76.5000,28.4000,37.6400,37.6400,37389150,0.0375,PVH,PVH Corp.,3,2020
3,69.4200,73.9800,66.7500,72.0200,72.0200,29290127,0.0600,PWR,Quanta Services Inc.,12,2020
3,103.5400,119.5200,98.5900,113.8900,113.8900,39411351,0.5500,PXD,Pioneer Natural Resources,12,2020
0,137.5000,140.1000,122.9900,127.2800,127.2800,218361972,0.6500,QCOM,Qualcomm,3,2021
12,81.5000,81.9400,19.2500,32.1700,32.1700,493683421,0.7800,RCL,Royal Caribbean Group,3,2020
0,244.6100,256.6000,238.3600,247.8600,247.8600,4778314,1.5500,RE,Everest Re Group Ltd.,3,2021
0,55.5600,60.1500,53.7800,57.0500,57.0500,26664580,0.5950,REG,Regency Centers Corporation,3,2021
0,21.1300,22.2000,19.6600,20.7600,20.7600,218598345,0.1550,RF,Regions Financial Corp.,3,2021
1,68.0000,83.5000,66.2900,77.7900,77.7900,21626922,0.3800,RHI,Robert Half International,2,2021
2,95.6200,105.1800,93.0300,99.9300,99.9300,16524833,0.3900,RJF,Raymond James Financial,1,2021
12,105.7100,111.6400,62.0100,66.8300,66.8300,37262529,0.6875,RL,Ralph Lauren Corporation,3,2020
1,203.7600,208.8800,190.7401,192.7800,192.7800,15887202,0.3900,RMD,ResMed,2,2021
1,252.0200,254.0599,237.1350,243.2800,243.2800,12711263,1.0700,ROK,Rockwell Automation Inc.,2,2021
1,36.5900,38.3200,33.1300,33.1700,33.1700,27516716,0.0800,ROL,"Rollins, Inc.",2,2021
2,429.9200,439.5786,392.5600,392.9100,392.9100,10881455,0.5625,ROP,Roper Technologies,1,2021
0,118.2500,127.0800,108.5050,118.9900,118.9900,60484720,0.2850,ROST,Ross Stores,3,2021
3,97.5800,98.4100,93.2900,96.3000,96.3000,30055984,0.4250,RSG,Republic Services Inc,12,2020
1,67.6000,78.1700,66.1300,71.9900,71.9900,136363272,0.4750,RTX,Raytheon Technologies,2,2021
0,258.1000,279.4100,232.8800,272.3600,272.3600,16514706,0.5800,SBAC,SBA Communications,3,2021
1,96.9900,109.4800,96.9200,108.0300,108.0300,115190877,0.4500,SBUX,Starbucks Corp.,2,2021
1,52.1300,65.4300,51.9700,61.7200,61.7200,157879729,0.1800,SCHW,Charles Schwab Corporation,2,2021
0,42.3400,47.0800,42.0400,45.9100,45.9100,23603757,0.1600,SEE,Sealed Air,3,2021
1,694.6200,730.5950,670.5500,680.3400,680.3400,10659612,1.6500,SHW,Sherwin-Williams,2,2021
1,115.9200,119.4800,111.6000,112.0000,112.0000,20887888,0.9000,SJM,JM Smucker,2,2021
1,22.5000,29.8700,21.7950,27.9100,27.9100,252718948,0.1250,SLB,Schlumberger Ltd.,2,2021
1,68.0000,72.8200,59.8900,69.0700,69.0700,26781028,0.3033,SLG,SL Green Realty,2,2021
1,181.9100,207.3300,175.7800,203.1100,203.1100,11884793,1.2300,SNA,Snap-on,2,2021
1,59.2850,61.5200,56.6900,56.7200,56.7200,70989895,0.6400,SO,Southern Company,2,2021
3,84.6500,94.3596,82.0200,85.2800,85.2800,89077778,1.3000,SPG,Simon Property Group Inc,12,2020
1,319.7500,342.0000,317.1800,329.3600,329.3600,34552538,0.7700,SPGI,S&P Global Inc.,2,2021
0,116.6500,132.5000,114.6600,130.9800,130.9800,34929909,1.1000,SRE,Sempra Energy,3,2021
1,188.1600,193.3400,171.8300,174.8000,174.8000,12167156,0.4000,STE,Steris,2,2021
3,72.1000,77.3100,68.8000,72.7800,72.7800,59941783,0.5200,STT,State Street Corp.,12,2020
0,75.2900,78.0400,70.3600,72.9800,72.9800,70953365,0.6700,STX,Seagate Technology,3,2021
1,213.1600,242.6200,211.2300,214.1400,214.1400,23059344,0.7500,STZ,Constellation Brands,2,2021
0,176.7200,199.4000,176.4700,195.7900,195.7900,26870085,0.7000,SWK,Stanley Black & Decker,3,2021
1,174.3000,195.8200,172.8900,177.8200,177.8200,53483848,0.5000,SWKS,Skyworks Solutions,2,2021
1,34.6300,40.6000,33.9900,38.6800,38.6800,113117239,0.2200,SYF,Synchrony Financial,2,2021
3,235.6300,245.3400,229.5500,245.0400,245.0400,20471837,0.6300,SYK,Stryker Corp.,12,2020
2,74.1400,79.9600,70.7500,71.5100,71.5100,50004046,0.4500,SYY,Sysco Corp.,1,2021
2,29.3900,30.2000,28.4700,28.6300,28.6300,924484031,0.5200,T,AT&T Inc.,1,2021
12,49.6100,52.4900,34.0100,39.0100,39.0100,67822893,0.5700,TAP,Molson Coors Beverage Company,3,2020
15,567.4900,597.9400,550.0100,560.0000,560.0000,6181622,32.5000,TDG,TransDigm Group,12,2019
1,122.1900,132.6500,121.0100,130.0300,130.0300,35878502,0.4800,TEL,TE Connectivity Ltd.,2,2021
1,116.5000,147.9000,114.0000,128.6100,128.6100,42828635,0.1000,TER,Teradyne,2,2021
1,48.3100,61.2600,47.7100,56.9600,56.9600,110967318,0.4500,TFC,Truist Financial,2,2021
0,400.8200,434.9750,387.7200,410.2800,410.2800,4461430,0.3400,TFX,Teleflex,3,2021
1,182.1800,196.2500,179.6801,183.4400,183.4400,53793458,0.6800,TGT,Target Corp.,2,2021
1,64.4400,71.0565,63.4000,65.9900,65.9900,140546794,0.2600,TJX,TJX Companies Inc.,2,2021
0,454.1900,467.3100,433.5200,442.2900,442.2900,38295006,0.2600,TMO,Thermo Fisher Scientific,3,2021
94,16.2500,21.8650,16.0100,21.4300,21.4300,133782796,8.1000,TMUS,T-Mobile US,5,2013
12,23.5100,24.7800,10.5050,12.9500,12.9500,148018642,0.3375,TPR,"Tapestry, Inc.",3,2020
0,164.4100,179.6200,160.8750,172.0700,172.0700,25985666,1.0800,TROW,T. Rowe Price Group,3,2021
0,147.0000,161.1850,146.7600,152.7800,152.7800,30018588,0.8500,TRV,The Travelers Companies,3,2021
1,142.1400,173.7600,139.1100,158.9600,158.9600,26846307,0.5200,TSCO,Tractor Supply Company,2,2021
1,64.5600,70.5700,62.5900,67.6700,67.6700,42906516,0.4450,TSN,Tyson Foods,2,2021
0,155.4100,169.1300,151.3000,163.9300,163.9300,22817801,0.5900,TT,Trane Technologies plc,3,2021
150,25.3300,25.3400,14.7600,16.4000,16.4000,59152400,0.0001,TTWO,Take-Two Interactive,9,2008
2,164.6000,175.4673,160.7550,165.6900,165.6900,94391310,1.0200,TXN,Texas Instruments,1,2021
0,51.3700,57.0400,48.8300,54.1700,54.1700,23195343,0.0200,TXT,Textron Inc.,3,2021
158,35.2500,38.0500,23.5300,37.9500,37.9500,117671500,2.1500,UAL,United Airlines Holdings,1,2008
2,38.4300,39.6400,36.7300,38.4500,38.4500,32469048,0.3600,UDR,"UDR, Inc.",1,2021
0,125.9400,141.7500,125.0000,135.5000,135.5000,11519714,0.2000,UHS,Universal Health Services,3,2021
108,83.1900,94.7335,83.0100,92.8900,92.8900,17451000,1.0000,ULTA,Ulta Beauty,3,2012
0,334.3600,373.8000,332.6700,371.0900,371.0900,67479874,1.2500,UNH,UnitedHealth Group Inc.,3,2021
2,22.9600,26.3000,21.8700,23.2300,23.2300,46488432,0.2850,UNM,Unum Group,1,2021
1,198.8200,215.4200,198.2700,205.9600,205.9600,51559826,0.9700,UNP,Union Pacific Corp,2,2021
1,156.2000,168.2300,154.9100,157.8300,157.8300,68997068,1.0200,UPS,United Parcel Service,2,2021
3,44.3100,47.2500,43.9600,46.5900,46.5900,139673611,0.4200,USB,U.S. Bancorp,12,2020
1,195.1400,220.5300,195.0200,212.3900,212.3900,196654813,0.3200,V,Visa Inc.,2,2021
50,90.2800,92.8300,76.9400,77.6500,77.6500,24621752,10.1640,VAR,Varian Medical Systems,1,2017
0,80.0000,83.7200,75.3800,78.1100,78.1100,61967851,0.4900,VFC,VF Corporation,3,2021
0,64.8000,101.9700,64.5200,66.3500,66.3500,562115664,0.2400,VIAC,ViacomCBS,3,2021
1,56.9400,79.4600,54.8400,76.9800,76.9800,79385525,0.9800,VLO,Valero Energy,2,2021
1,150.7100,175.0200,148.5200,166.9900,166.9900,13998751,0.3700,VMC,Vulcan Materials,2,2021
2,37.6300,41.3500,35.0200,39.7600,39.7600,51337922,0.5300,VNO,Vornado Realty Trust,1,2021
0,167.1100,178.6700,159.7900,174.7800,174.7800,29817115,0.2900,VRSK,Verisk Analytics,3,2021
118,37.4900,37.7300,33.3500,35.0200,35.0200,77563000,2.7500,VRSN,Verisign Inc.,5,2011
3,48.5200,51.9200,47.1700,49.0400,49.0400,44488851,0.4500,VTR,Ventas Inc,12,2020
2,58.9600,59.5400,54.4750,54.7500,54.7500,411542483,0.6275,VZ,Verizon Communications,1,2021
1,75.2800,83.9900,71.0500,72.4300,72.4300,24999620,0.1200,WAB,Westinghouse Air Brake Technologies Corp,2,2021
1,49.8100,51.7990,47.5501,47.9300,47.9300,97242086,0.4675,WBA,Walgreens Boots Alliance,2,2021
11,39.7000,48.8300,37.4300,46.0800,46.0800,126028633,0.5000,WDC,Western Digital,4,2020
1,89.2400,89.6100,80.5500,80.6400,80.6400,28264336,0.6775,WEC,WEC Energy Group,2,2021
1,60.9900,74.1300,59.8620,67.9000,67.9000,49837031,0.6100,WELL,Welltower Inc.,2,2021
1,30.1400,38.6800,29.6800,36.1700,36.1700,653638172,0.1000,WFC,Wells Fargo,2,2021
1,186.0300,201.9150,180.4400,190.0800,190.0800,12459307,1.2500,WHR,Whirlpool Corp.,2,2021
3,211.9500,216.4900,200.0800,210.6800,210.6800,22531005,0.7100,WLTW,Willis Towers Watson,12,2020
0,111.6700,127.5600,111.6700,127.4300,127.4300,48637936,0.5750,WM,Waste Management Inc.,3,2021
0,23.1200,24.6900,22.5900,23.9400,23.9400,186298922,0.4100,WMB,Williams Companies,3,2021
0,131.5800,134.7500,126.2800,134.0100,134.0100,209661705,0.5500,WMT,Walmart,3,2021
0,70.3300,77.3700,69.9100,75.2700,75.2700,17136787,0.1200,WRB,W. R. Berkley Corporation,3,2021
1,42.2400,45.6500,40.1664,43.5900,43.5900,38353636,0.2000,WRK,WestRock,2,2021
2,283.4300,312.1200,280.0000,299.4900,299.4900,10189102,0.1700,WST,West Pharmaceutical Services,1,2021
0,23.4600,25.7300,23.2400,24.7000,24.7000,105228087,0.2350,WU,Western Union Co,3,2021
0,34.4200,36.1700,31.7950,34.7900,34.7900,86805195,0.1700,WY,Weyerhaeuser,3,2021
13,126.5700,137.5800,103.9000,107.9800,107.9800,63486561,1.0000,WYNN,Wynn Resorts Ltd,2,2020
0,59.1700,66.5700,57.2300,66.0000,66.0000,78667260,0.4575,XEL,Xcel Energy Inc,3,2021
4,119.9800,145.8400,116.7600,145.5500,145.5500,74254483,0.3800,XLNX,Xilinx,11,2020
1,45.5800,57.2450,44.2900,54.3700,54.3700,541226724,0.8700,XOM,Exxon Mobil Corp.,2,2021
3,51.6000,55.2300,50.5500,52.3600,52.3600,22495198,0.1000,XRAY,Dentsply Sirona,12,2020
3,22.3000,24.2200,21.8000,23.1900,23.1900,45869579,0.2500,XRX,Xerox,12,2020
1,97.7800,102.4050,94.6300,99.5600,99.5600,24658523,0.2800,XYL,Xylem Inc.,2,2021
1,102.2400,106.9200,101.6400,103.5300,103.5300,35490875,0.5000,YUM,Yum! Brands Inc,2,2021
3,150.4900,154.7600,141.1400,154.0900,154.0900,19060670,0.2400,ZBH,Zimmer Biomet,12,2020
1,44.4300,57.7000,44.0200,53.1700,53.1700,26347203,0.3400,ZION,Zions Bancorp,2,2021
2,166.0000,170.4900,152.3000,154.2500,154.2500,34339428,0.2500,ZTS,Zoetis,1,2021